label,count,recipe_prevalence,literal_text_support_count,literal_text_support_rate,token_phrase_support_count,token_phrase_support_rate,train,val,test
salt,40440,0.6207595247597704,40440,1.0,40226,0.9947082096933729,33985,3231,3224
oil,35707,0.5481073281552206,35302,0.9886576861679782,35115,0.9834206178060324,30007,2827,2873
pepper,31692,0.4864765296411138,31692,1.0,29002,0.9151205351508267,26638,2543,2511
garlic,29125,0.4470727289472876,29125,1.0,29121,0.9998626609442061,24494,2301,2330
onion,27851,0.4275166548982286,27851,1.0,15383,0.5523320527090589,23404,2240,2207
cheese,19468,0.29883645964449085,16273,0.835884528456955,16254,0.8349085679063077,16302,1589,1577
sugar,17202,0.26405305007214563,17202,1.0,17194,0.9995349377979305,14497,1325,1380
tomato,15842,0.24317686427409205,15842,1.0,5002,0.31574296174725414,13333,1282,1227
chicken,15022,0.23058975224879502,15022,1.0,14960,0.9958727200106511,12642,1158,1222
egg,14970,0.22979154514475178,14969,0.9999331997327989,4361,0.29131596526386105,12604,1142,1224
butter,13872,0.21293709514014675,13872,1.0,12960,0.9342560553633218,11686,1078,1108
water,12492,0.19175390660976882,12492,1.0,12137,0.9715818123599104,10502,1026,964
liquor,12311,0.18897553188223376,13,0.0010559662090813093,12,0.0009747380391519779,10318,983,1010
flour,11591,0.17792343351855833,11434,0.9864550081960142,11416,0.9849020791993788,9743,929,919
lemon,9680,0.14858932244496975,9680,1.0,8885,0.9178719008264463,8143,765,772
milk,9224,0.1415896601479753,9224,1.0,9162,0.9932784041630529,7737,738,749
chili,9126,0.14008534675958617,9126,1.0,6546,0.7172912557527942,7678,743,705
soy,8065,0.1237988518097811,8063,0.9997520148791073,8032,0.9959082455052697,6795,635,635
corn,8050,0.12356859976053787,8050,1.0,6902,0.8573913043478261,6762,648,640
rice,7913,0.1214656310441163,7913,1.0,7901,0.9984835081511437,6721,575,617
cumin,7840,0.12034507107113253,7840,1.0,7839,0.9998724489795918,6590,629,621
cream,7574,0.11626193473121911,7574,1.0,7462,0.9852125693160814,6324,625,625
cilantro,7512,0.11531022626101373,7512,1.0,7512,1.0,6299,591,622
bread,7291,0.11191784606883001,7291,1.0,4297,0.5893567411877657,6113,576,602
wine,6810,0.10453443035643017,6810,1.0,6803,0.9989720998531572,5696,539,575
parsley,6431,0.09871672857888435,6431,1.0,6431,1.0,5384,531,516
beans,5788,0.08884659073465753,5788,1.0,5161,0.8916724257083621,4873,473,442
basil,5537,0.08499370644398735,5537,1.0,5372,0.9702004695683584,4621,465,451
juice,5137,0.07885365179750099,5137,1.0,4995,0.9723574070469145,4309,429,399
carrot,5121,0.07860804961164154,5121,1.0,875,0.17086506541691077,4312,407,402
oregano,4820,0.07398765849016056,4820,1.0,4820,1.0,4017,409,394
potato,4658,0.07150093635833359,4658,1.0,799,0.17153284671532848,3903,367,388
vanilla,4555,0.06991987228686335,4555,1.0,4555,1.0,3836,331,388
yogurt,4467,0.06856906026463636,4467,1.0,4467,1.0,3715,375,377
beef,4357,0.0668805452368526,4357,1.0,4281,0.9825568051411522,3657,326,374
cinnamon,4320,0.06631259018205261,4320,1.0,4320,1.0,3631,329,360
mustard,4134,0.06345746477143646,4134,1.0,4132,0.9995162070633768,3456,352,326
coriander,3900,0.05986553280324195,3900,1.0,3900,1.0,3238,321,341
paprika,3751,0.057578362447425785,3751,1.0,3656,0.974673420421221,3171,310,270
vinegar,3516,0.05397108034261505,3516,1.0,3516,1.0,2945,294,277
pasta,3504,0.05378687870322046,1935,0.5522260273972602,1933,0.5516552511415526,2922,290,292
honey,3418,0.05246676695422589,3418,1.0,3408,0.9970743124634289,2885,267,266
turmeric,3398,0.05215976422190158,3398,1.0,3398,1.0,2841,260,297
thyme,3346,0.05136155711785835,3346,1.0,3346,1.0,2822,300,224
avocado,3249,0.04987259386608541,3249,1.0,2844,0.8753462603878116,2744,274,231
pork,3203,0.04916648758173948,3203,1.0,3203,1.0,2700,245,258
curry,3151,0.04836828047769625,3151,1.0,3116,0.9888924151063154,2629,252,270
shallots,3027,0.04646486353728548,2578,0.8516683184671292,2578,0.8516683184671292,2565,243,219
scallions,2961,0.045451754520615235,2895,0.977710233029382,2895,0.977710233029382,2498,230,233
lime,2938,0.04509870137844227,2938,1.0,2938,1.0,2450,239,249
cucumber,2921,0.044837749055966596,2921,1.0,2800,0.9585758301951387,2455,231,235
mushrooms,2811,0.043149234028182853,2811,1.0,2811,1.0,2340,254,217
apple,2624,0.04027875848095048,2624,1.0,1189,0.453125,2199,192,233
sage,2584,0.039664753016301846,2584,1.0,720,0.2786377708978328,2195,216,173
mayonnaise,2476,0.03800693826175053,2476,1.0,2475,0.9995961227786753,2083,209,184
shrimp,2443,0.037500383753415405,2443,1.0,2426,0.9930413426115432,2044,196,203
spinach,2393,0.03673287692260461,2393,1.0,2393,1.0,2006,195,192
lettuce,2297,0.035259263807447885,2297,1.0,2278,0.9917283413147584,1933,179,185
garam masala,2207,0.033877751511988456,2207,1.0,2207,1.0,1833,186,188
cilantro leaves,2197,0.0337242501458263,2197,1.0,2197,1.0,1860,168,169
fish sauce,2194,0.03367819973597765,2194,1.0,2194,1.0,1848,167,179
orange,2185,0.033540048506431705,2185,1.0,1983,0.9075514874141877,1834,180,171
mint,2103,0.03228133730390201,2103,1.0,2102,0.9995244888254874,1747,185,171
peas,1984,0.030454671046572315,1984,1.0,1984,1.0,1681,158,145
cabbage,1791,0.02749209467964265,1791,1.0,1789,0.9988833054159687,1519,149,123
zucchini,1758,0.026985540171307526,1758,1.0,1732,0.9852104664391353,1485,134,139
chocolate,1744,0.026770638258680503,1744,1.0,1744,1.0,1456,153,135
almond,1726,0.026494335799588615,1726,1.0,485,0.2809965237543453,1445,144,137
peanut,1657,0.02543517637306972,1657,1.0,658,0.39710319855159926,1389,130,138
baking powder,1651,0.025343075553372424,1651,1.0,1651,1.0,1384,120,147
clove,1631,0.025036072821048107,1631,1.0,880,0.539546290619252,1368,125,138
tea,1567,0.024053664077610292,1566,0.9993618379068283,222,0.14167198468410977,1326,124,117
bacon,1525,0.023408958339729224,1525,1.0,1525,1.0,1291,127,107
nutmeg,1509,0.02316335615386977,1509,1.0,1501,0.9946984758117959,1266,122,121
salsa,1469,0.022549350689221134,1469,1.0,1469,1.0,1223,122,124
cardamom,1439,0.022088846590734658,1439,1.0,1393,0.9680333564975677,1219,97,123
sesame seeds,1388,0.021305989623307646,1388,1.0,1388,1.0,1177,113,98
noodles,1379,0.021167838393761705,1379,1.0,1379,1.0,1158,107,114
rosemary,1374,0.021091087710680623,1374,1.0,1374,1.0,1132,128,114
syrup,1291,0.019817026371534707,1291,1.0,1291,1.0,1083,114,94
sauce,1273,0.019540723912442822,1273,1.0,1273,1.0,1092,90,91
bay leaf,1256,0.01927977158996715,1256,1.0,1256,1.0,1067,92,97
dill,1234,0.0189420685844104,1234,1.0,1186,0.9611021069692058,1041,92,101
celery,1223,0.018773217081632026,1223,1.0,1223,1.0,1039,95,89
bay leaves,1205,0.01849691462254014,1205,1.0,1205,1.0,1007,100,98
soda,1161,0.017821508611426642,1161,1.0,1161,1.0,971,88,102
broccoli,1159,0.01779080833819421,1159,1.0,1101,0.9499568593615185,960,101,98
italian seasoning,1144,0.017560556288950972,1144,1.0,1144,1.0,951,100,93
worcestershire sauce,1104,0.016946550824302336,1104,1.0,1104,1.0,935,92,77
coconut,1086,0.01667024836521045,1086,1.0,1085,0.9990791896869244,878,92,116
yeast,1085,0.016654898228594235,1085,1.0,1085,1.0,906,98,81
chives,1058,0.016240444539956406,1058,1.0,1058,1.0,889,87,82
ketchup,866,0.013293218309642956,866,1.0,866,1.0,728,67,71
cashew,851,0.013062966260399718,851,1.0,538,0.6321974148061105,718,65,68
mango,844,0.012955515304086207,844,1.0,797,0.9443127962085308,713,51,80
cauliflower,822,0.012617812298529457,822,1.0,822,1.0,696,54,72
banana,817,0.012541061615448377,817,1.0,194,0.23745410036719705,675,70,72
radish,801,0.012295459429588923,801,1.0,63,0.07865168539325842,660,71,70
chickpeas,776,0.011911706014183527,776,1.0,776,1.0,661,49,66
pecan,735,0.011282350412918675,735,1.0,137,0.18639455782312925,630,56,49
walnut,703,0.010791146041199767,703,1.0,114,0.16216216216216217,590,57,56
strawberries,685,0.01051484358210788,685,1.0,685,1.0,578,60,47
black olives,678,0.01040739262579437,676,0.9970501474926253,676,0.9970501474926253,551,63,64
quinoa,658,0.010100389893470053,658,1.0,658,1.0,533,61,64
cayenne,652,0.010008289073772757,652,1.0,635,0.9739263803680982,550,51,51
vegetable broth,638,0.009793387161145735,637,0.9984326018808778,637,0.9984326018808778,535,50,53
capers,621,0.009532434838670063,621,1.0,621,1.0,507,64,50
fennel seeds,612,0.00939428360912412,612,1.0,612,1.0,514,56,42
turkey,599,0.009194731833113316,599,1.0,599,1.0,497,66,36
ghee,591,0.009071930740183587,591,1.0,591,1.0,499,41,51
wheat,588,0.00902588033033494,588,1.0,578,0.9829931972789115,493,42,53
pumpkin,575,0.008826328554324133,575,1.0,551,0.9582608695652174,484,50,41
oat,564,0.00865747705154576,564,1.0,24,0.0425531914893617,480,40,44
artichoke,545,0.008365824455837657,545,1.0,387,0.710091743119266,461,36,48
pear,534,0.008196972953059283,534,1.0,114,0.21348314606741572,437,45,52
blueberries,530,0.008135572406594418,530,1.0,530,1.0,438,49,43
jalapeno,507,0.007782519264421453,317,0.6252465483234714,237,0.46745562130177515,428,42,37
asparagus,481,0.0073834157123998405,481,1.0,481,1.0,404,36,41
cocoa powder,477,0.007322015165934977,477,1.0,477,1.0,399,36,42
taco seasoning,475,0.007291314892702545,475,1.0,475,1.0,403,40,32
tomatillos,474,0.007275964756086329,474,1.0,474,1.0,387,40,47
tarragon,444,0.006815460657599853,444,1.0,444,1.0,377,33,34
marinara sauce,443,0.006800110520983637,443,1.0,443,1.0,366,33,44
peach,436,0.006692659564670126,436,1.0,114,0.26146788990825687,377,33,26
baguette,434,0.006661959291437694,434,1.0,434,1.0,365,36,33
tortilla chips,415,0.006370306695729592,415,1.0,415,1.0,351,36,28
leeks,415,0.006370306695729592,415,1.0,414,0.9975903614457832,351,28,36
cranberries,391,0.00600190341694041,391,1.0,391,1.0,333,34,24
beer,389,0.005971203143707979,389,1.0,316,0.8123393316195373,325,34,30
kalamata olives,372,0.005710250821232309,372,1.0,372,1.0,312,27,33
enchilada sauce,364,0.005587449728302582,364,1.0,364,1.0,313,26,25
kale,363,0.005572099591686366,363,1.0,363,1.0,315,27,21
celery ribs,359,0.005510699045221503,359,1.0,359,1.0,298,27,34
allspice,351,0.005387897952291776,349,0.9943019943019943,349,0.9943019943019943,300,22,29
tortillas,350,0.005372547815675559,350,1.0,350,1.0,300,26,24
raspberries,344,0.0052804469959782645,344,1.0,344,1.0,281,31,32
salmon fillets,344,0.0052804469959782645,344,1.0,344,1.0,293,29,22
pine nuts,329,0.005050194946735026,329,1.0,328,0.9969604863221885,277,20,32
arugula,328,0.00503484481011881,328,1.0,328,1.0,281,24,23
grape,327,0.005019494673502594,327,1.0,40,0.12232415902140673,273,32,22
pancetta,321,0.0049273938538052986,321,1.0,321,1.0,263,29,29
coffee,302,0.004635741258097197,302,1.0,302,1.0,253,26,23
celery stalks,297,0.004558990575016118,176,0.5925925925925926,176,0.5925925925925926,245,32,20
prosciutto,295,0.004528290301783686,295,1.0,295,1.0,246,24,25
stalks celery,289,0.004436189482086391,181,0.6262975778546713,181,0.6262975778546713,250,20,19
ham,286,0.004390139072237743,286,1.0,286,1.0,244,18,24
fennel bulb,281,0.004313388389156663,281,1.0,227,0.8078291814946619,238,20,23
mussels,273,0.004190587296226936,273,1.0,273,1.0,230,22,21
green chiles,272,0.0041752371596107205,177,0.6507352941176471,177,0.6507352941176471,238,13,21
beet,262,0.0040217357934485614,262,1.0,26,0.09923664122137404,224,19,19
pistachio,228,0.0034998311484972216,228,1.0,36,0.15789473684210525,187,21,20
plum,206,0.003162128142940472,206,1.0,76,0.36893203883495146,179,12,15
salsa verde,193,0.0029625763669296657,193,1.0,193,1.0,156,15,22
polenta,191,0.002931876093697234,191,1.0,191,1.0,168,9,14
hazelnut,184,0.0028244251373837227,184,1.0,49,0.266304347826087,161,12,11
turnip,180,0.002763024590918859,180,1.0,52,0.28888888888888886,153,12,15
pesto,179,0.002747674454302643,179,1.0,178,0.994413407821229,149,9,21
blackberries,177,0.0027169741810702114,177,1.0,177,1.0,150,10,17
yellow squash,175,0.0026862739078377797,175,1.0,175,1.0,146,17,12
brussels sprouts,173,0.002655573634605348,173,1.0,173,1.0,144,22,7
cherries,164,0.002517422405059405,164,1.0,164,1.0,131,21,12
baby arugula,161,0.0024713719952107575,161,1.0,161,1.0,136,8,17
leek,155,0.002379271175513462,155,1.0,155,1.0,138,8,9
limes,148,0.002271820219199951,148,1.0,148,1.0,119,14,15
anchovy fillets,137,0.0021029687164215763,137,1.0,137,1.0,115,11,11
lobster,135,0.002072268443189144,135,1.0,107,0.7925925925925926,119,11,5
poblano chiles,133,0.0020415681699567124,133,1.0,133,1.0,112,11,10
raspberry,133,0.0020415681699567124,133,1.0,133,1.0,108,14,11
sea scallops,127,0.0019494673502594173,127,1.0,127,1.0,109,11,7
bunch cilantro,122,0.001872716667178338,83,0.680327868852459,83,0.680327868852459,104,8,10
okra,122,0.001872716667178338,122,1.0,122,1.0,102,13,7
parsnips,119,0.0018266662573296903,119,1.0,119,1.0,90,19,10
apricots,113,0.001734565437632395,113,1.0,113,1.0,92,11,10
garam masala powder,108,0.0016578147545513156,108,1.0,108,1.0,90,4,14
strawberry,99,0.0015196635250053726,99,1.0,99,1.0,88,5,6
red chilli powder,98,0.0015043133883891567,98,1.0,98,1.0,84,8,6
pizza dough,95,0.001458262978540509,95,1.0,95,1.0,84,4,7
tomate,93,0.0014275627053080772,93,1.0,93,1.0,77,8,8
chestnut,87,0.001335461885610782,87,1.0,28,0.3218390804597701,74,7,6
cherry,86,0.0013201117489945661,86,1.0,71,0.8255813953488372,79,4,3
ancho chiles,74,0.0011359101095999755,74,1.0,74,1.0,61,8,5
serrano chiles,63,0.0009670586068216007,63,1.0,63,1.0,55,5,3
