label,reproduction_matching_recipe_occurrences,reproduction_historical_only_recipe_occurrences,reproduction_current_only_recipe_occurrences,reproduction_distinct_raw_variants_after_historical_processing,reproduction_raw_line_occurrences_after_historical_processing,support_train,support_val,support_test,cuisine_dataset_prevalence,cuisine_normalized_mutual_information_with_cuisine,cuisine_test_prevalence,cuisine_test_average_precision_from_train_cuisine_prior,cuisine_average_precision_gain_over_test_prevalence
allspice,351,1,0,52,353,300,22,29,0.005387897952291776,0.055699000060413166,0.005564082885648503,0.012109918013698602,0.006545835128050099
almond,0,0,1726,0,0,1445,144,137,0.026494335799588615,0.03774455431338949,0.026285495011511895,0.05030617017201753,0.024020675160505635
ancho chiles,74,0,0,57,80,61,8,5,0.0011359101095999755,0.24758206444789668,0.0009593246354566385,0.008223684210526315,0.0072643595750696765
anchovy fillets,136,0,1,56,136,115,11,11,0.0021029687164215763,0.0869735396659566,0.002110514198004605,0.00637173246269359,0.004261218264688985
apple,2624,0,0,1291,3122,2199,192,233,0.04027875848095048,0.05074326603367233,0.04470452801227936,0.07980113658851169,0.035096608576232334
apricots,112,0,1,77,112,92,11,10,0.001734565437632395,0.10487817587192988,0.001918649270913277,0.003684194538673414,0.001765545267760137
artichoke,545,0,0,220,546,461,36,48,0.008365824455837657,0.09215304248051949,0.00920951650038373,0.02099172024720486,0.011782203746821129
arugula,328,318,0,328,655,281,24,23,0.00503484481011881,0.050459277604423716,0.004412893323100537,0.00757441352169457,0.003161520198594033
asparagus,481,0,0,200,487,404,36,41,0.0073834157123998405,0.0357903873241152,0.007866462010744436,0.010125775820048788,0.0022593138093043516
avocado,3249,0,0,779,3334,2744,274,231,0.04987259386608541,0.2575697329510852,0.0443207981580967,0.22213248701790633,0.17781168885980964
baby arugula,0,0,161,0,0,136,8,17,0.0024713719952107575,0.061875227986104404,0.003261703760552571,0.007090726369821983,0.0038290226092694123
bacon,1525,0,0,687,1564,1291,127,107,0.023408958339729224,0.06023594814361467,0.020529547198772063,0.03158687824103059,0.011057331042258527
baguette,434,1,0,86,435,365,36,33,0.006661959291437694,0.15827353964105276,0.006331542594013815,0.03825092842100557,0.031919385826991754
baking powder,1651,0,0,74,1656,1384,120,147,0.025343075553372424,0.055897010207086525,0.028204144282425174,0.05850786663092749,0.030303722348502315
banana,817,0,0,168,857,675,70,72,0.012541061615448377,0.19734255283510077,0.013814274750575594,0.07401769902092518,0.06020342427034959
basil,5537,0,0,1698,5921,4621,465,451,0.08499370644398735,0.2045863495424488,0.0865310821181888,0.243073076338928,0.1565419942207392
bay leaf,1255,2,1,55,1262,1067,92,97,0.01927977158996715,0.08800609018463514,0.018610897927858788,0.04295648775454341,0.02434558982668462
bay leaves,1203,3,2,89,1208,1007,100,98,0.01849691462254014,0.05452022222327205,0.018802762854950115,0.033036215903306666,0.014233453048356551
beans,5788,0,0,1962,6280,4873,473,442,0.08884659073465753,0.11717525185766883,0.08480429777436685,0.20258514358516697,0.11778084581080012
beef,4357,0,0,1448,4939,3657,326,374,0.0668805452368526,0.033525325213353954,0.07175748273215656,0.10961460544673925,0.03785712271458269
beer,389,0,0,199,442,325,34,30,0.005971203143707979,0.059577821370614376,0.005755947812739831,0.012374131932929062,0.006618184120189231
beet,262,0,0,170,280,224,19,19,0.0040217357934485614,0.05401349415297238,0.0036454336147352263,0.009191119794182927,0.005545686179447701
black olives,675,3,3,117,681,551,63,64,0.01040739262579437,0.1366815203751229,0.012279355333844973,0.036059380187928404,0.023780024854083433
blackberries,177,2,0,74,184,150,10,17,0.0027169741810702114,0.10708220416778114,0.003261703760552571,0.01802150591205934,0.014759802151506771
blueberries,530,0,0,102,553,438,49,43,0.008135572406594418,0.17249146698404755,0.00825019186492709,0.050489667265763476,0.04223947540083638
bread,7291,0,0,1811,7607,6113,576,602,0.11191784606883001,0.16522679466066373,0.11550268610897928,0.3255151484709382,0.21001246236195892
broccoli,1159,0,0,224,1185,960,101,98,0.01779080833819421,0.08791084840312251,0.018802762854950115,0.05147853803557987,0.03267577518062975
brussels sprouts,172,1,1,67,174,144,22,7,0.002655573634605348,0.028708745202421795,0.001343054489639294,0.0037739116215274207,0.002430857131888127
bunch cilantro,0,0,122,0,0,104,8,10,0.001872716667178338,0.1660482784054171,0.001918649270913277,0.010194387177621472,0.008275737906708195
butter,13872,0,0,3242,15513,11686,1078,1108,0.21293709514014675,0.08393747153587307,0.21258633921719108,0.3472614651470505,0.1346751259298594
cabbage,1791,0,0,383,1909,1519,149,123,0.02749209467964265,0.12432706419941583,0.023599386032233306,0.06816369712007585,0.04456431108784254
capers,621,3,0,184,625,507,64,50,0.009532434838670063,0.08603243729160678,0.009593246354566385,0.02658533446342698,0.016992088108860597
cardamom,1439,0,0,333,1590,1219,97,123,0.022088846590734658,0.4223710278137229,0.023599386032233306,0.22308458545413862,0.19948519942190532
carrot,5121,0,0,1209,5192,4312,407,402,0.07860804961164154,0.05645450921148751,0.07712970069071373,0.1364875471325093,0.059357846441795564
cashew,0,0,851,0,0,718,65,68,0.013062966260399718,0.17533539409407214,0.013046815042210284,0.059114096004015286,0.046067280961805
cauliflower,822,0,0,178,844,696,54,72,0.012617812298529457,0.097084776248222,0.013814274750575594,0.05225751064761693,0.038443235897041336
cayenne,652,0,0,94,664,550,51,51,0.010008289073772757,0.0768855240012432,0.009785111281657714,0.031194350940224755,0.02140923965856704
celery,1223,1419,0,845,2710,1039,95,89,0.018773217081632026,0.029536058038966605,0.017075978511128166,0.02288276686742888,0.005806788356300715
celery ribs,0,0,359,0,0,298,27,34,0.005510699045221503,0.029593133033738412,0.006523407521105142,0.011903738980334477,0.0053803314592293355
celery stalks,0,0,297,0,0,245,32,20,0.004558990575016118,0.11447848769019897,0.003837298541826554,0.009191271939999895,0.005353973398173341
cheese,19468,0,0,9111,26659,16302,1589,1577,0.29883645964449085,0.20021919234256588,0.3025709900230238,0.5758490731587801,0.2732780831357563
cherries,163,2,1,62,169,131,21,12,0.002517422405059405,0.07222942588884833,0.0023023791250959325,0.005376298630873648,0.0030739195057777158
cherry,86,0,0,63,96,79,4,3,0.0013201117489945661,0.06513023334302648,0.0005755947812739831,0.0021690359276422097,0.0015934411463682267
chestnut,0,0,87,0,0,74,7,6,0.001335461885610782,0.04902165904053392,0.0011511895625479663,0.0027130440829703103,0.001561854520422344
chicken,15022,0,0,4174,18564,12642,1158,1222,0.23058975224879502,0.04980643823598802,0.23445894090560246,0.33489396560016493,0.10043502469456247
chickpeas,776,2,0,90,778,661,49,66,0.011911706014183527,0.12642744569332187,0.01266308518802763,0.0471697858143737,0.034506700626346073
chili,9126,0,0,1525,10838,7678,743,705,0.14008534675958617,0.22836794873493818,0.13526477359938605,0.37029100455483666,0.2350262309554506
chives,1057,1,1,224,1071,889,87,82,0.016240444539956406,0.05117628007372137,0.015732924021488872,0.02838992310722975,0.012656999085740878
chocolate,1744,0,0,1035,2239,1456,153,135,0.026770638258680503,0.10670384959909009,0.02590176515732924,0.062030941685115866,0.036129176527786626
cilantro,7512,2817,0,1431,10970,6299,591,622,0.11531022626101373,0.26419576155975627,0.11933998465080584,0.3907869117609305,0.27144692711012464
cilantro leaves,0,0,2197,0,0,1860,168,169,0.0337242501458263,0.19342163435406115,0.03242517267843438,0.1063623992745292,0.07393722659609482
cinnamon,4320,0,0,474,4519,3631,329,360,0.06631259018205261,0.12151965197897034,0.06907137375287797,0.17017624570792955,0.10110487195505158
clove,1631,0,0,232,1666,1368,125,138,0.025036072821048107,0.19812729736073767,0.026477359938603222,0.12808868354107567,0.10161132360247244
cocoa powder,473,1,4,91,487,399,36,42,0.007322015165934977,0.0619305495018238,0.008058326937835763,0.021327222283397358,0.013268895345561594
coconut,1086,0,0,318,1190,878,92,116,0.01667024836521045,0.11030447419869538,0.022256331542594012,0.06619918469735647,0.04394285315476246
coffee,302,0,0,146,339,253,26,23,0.004635741258097197,0.04521639121550595,0.004412893323100537,0.011840513984496344,0.007427620661395807
coriander,3900,0,0,750,4375,3238,321,341,0.05986553280324195,0.3585085132201425,0.06542594013814275,0.3902998067371427,0.32487386659899997
corn,8050,0,0,1999,8664,6762,648,640,0.12356859976053787,0.17498940841085614,0.12279355333844973,0.29479118131172927,0.17199762797327955
cranberries,391,2,0,171,411,333,34,24,0.00600190341694041,0.1456790611212812,0.004604758250191865,0.016073635590720836,0.011468877340528972
cream,7574,0,0,1803,8487,6324,625,625,0.11626193473121911,0.09813201822064928,0.11991557943207981,0.2305395463552684,0.1106239669231886
cucumber,2921,0,0,435,2975,2455,231,235,0.044837749055966596,0.14335125920287367,0.04508825786646201,0.1719282884069195,0.1268400305404575
cumin,7840,0,0,723,8364,6590,629,621,0.12034507107113253,0.338755717876401,0.1191481197237145,0.449499914579039,0.3303517948553245
curry,3151,0,0,484,3351,2629,252,270,0.04836828047769625,0.36079728240767306,0.05180353031465848,0.24616119722182142,0.19435766690716294
dill,1234,0,0,292,1295,1041,92,101,0.0189420685844104,0.18223990520143643,0.019378357636224097,0.10406738612684337,0.08468902849061927
egg,14970,1,0,1433,16415,12604,1142,1224,0.22979154514475178,0.07808891912955658,0.2348426707597851,0.37265866624549726,0.13781599548571216
enchilada sauce,364,7,0,119,375,313,26,25,0.005587449728302582,0.2970786738534016,0.004796623177283192,0.04111842105263158,0.03632179787534839
fennel,0,1162,0,492,1262,,,,,,,,
fennel bulb,0,0,281,0,0,238,20,23,0.004313388389156663,0.08210689547455657,0.004412893323100537,0.013416953029962642,0.009004059706862105
fennel seeds,0,0,612,0,0,514,56,42,0.00939428360912412,0.13568254165494492,0.008058326937835763,0.03483126110372263,0.026772934165886865
fish sauce,2194,4,0,73,2207,1848,167,179,0.03367819973597765,0.500694385579735,0.03434382194934766,0.3534518502261935,0.31910802827684587
flour,11591,0,0,2416,12857,9743,929,919,0.17792343351855833,0.03170782114631353,0.17632386799693017,0.2320813854711664,0.05575751747423624
garam masala,2207,5,0,137,2235,1833,186,188,0.033877751511988456,0.5898353635480202,0.03607060629316961,0.38822786421360805,0.35215725792043845
garam masala powder,108,0,0,70,111,90,4,14,0.0016578147545513156,0.3369953297627581,0.002686108979278588,0.029350104821802937,0.026663995842524348
garlic,29125,0,0,3231,31109,24494,2301,2330,0.4470727289472876,0.07239128210293883,0.44704528012279354,0.5625525012120696,0.11550722108927602
ghee,591,0,0,76,596,499,41,51,0.009071930740183587,0.36820619191889753,0.009785111281657714,0.09622523861311072,0.08644012733145301
grape,327,0,0,215,381,273,32,22,0.005019494673502594,0.0826825207041049,0.00422102839600921,0.009810794863767593,0.005589766467758384
green chiles,174,30,98,142,206,238,13,21,0.0041752371596107205,0.17547675262902668,0.004029163468917882,0.01737745372038042,0.013348290251462537
green chillies,0,93,0,82,95,,,,,,,,
ham,286,15,0,81,304,244,18,24,0.004390139072237743,0.05743396447598713,0.004604758250191865,0.015317634631423167,0.010712876381231303
hazelnut,0,0,184,0,0,161,12,11,0.0028244251373837227,0.06627850552608151,0.002110514198004605,0.004657165510518486,0.0025466513125138816
honey,3418,0,0,271,3471,2885,267,266,0.05246676695422589,0.05309753820891885,0.05103607060629317,0.08912019607516923,0.03808412546887606
italian seasoning,1144,11,0,116,1176,951,100,93,0.017560556288950972,0.2865202502640928,0.017843438219493475,0.10089212552736727,0.08304868730787379
jalapeno,233,2,274,178,243,428,42,37,0.007782519264421453,0.2429060415878643,0.007099002302379125,0.04205704740569514,0.034958045103316016
jalapenos,0,87,0,74,87,,,,,,,,
jalapeño,0,135,0,110,143,,,,,,,,
jalapeños,0,61,0,54,61,,,,,,,,
juice,5137,0,0,832,5419,4309,429,399,0.07885365179750099,0.17386273420423298,0.07655410590943976,0.23414904156124353,0.15759493565180377
kalamata olives,372,1,0,115,374,312,27,33,0.005710250821232309,0.16456205326808243,0.006331542594013815,0.02632992956549225,0.019998386971478432
kale,363,2,0,66,367,315,27,21,0.005572099591686366,0.029345658897321727,0.004029163468917882,0.006818774421886875,0.0027896109529689933
ketchup,862,3,4,53,875,728,67,71,0.013293218309642956,0.070067152520092,0.013622409823484267,0.025833419633959766,0.0122110098104755
leek,155,451,0,308,616,138,8,9,0.002379271175513462,0.09926596213915681,0.0017267843438219493,0.0035153164039296177,0.0017885320601076684
leeks,0,0,415,0,0,351,28,36,0.006370306695729592,0.05207620341790426,0.006907137375287797,0.014422096345775591,0.007514958970487794
lemon,9680,0,0,1635,11457,8143,765,772,0.14858932244496975,0.07477567859345018,0.148119723714505,0.27081751033817997,0.12269778662367498
lettuce,2297,0,0,704,2356,1933,179,185,0.035259263807447885,0.06233821748601666,0.03549501151189562,0.0651923975014042,0.029697385989508572
lime,2938,1,0,92,2961,2450,239,249,0.04509870137844227,0.23320675784439,0.0477743668457406,0.1899882717753118,0.1422139049295712
limes,147,0,1,71,151,119,14,15,0.002271820219199951,0.18976868012505885,0.0028779739063699156,0.010127263544132256,0.00724928963776234
liquor,12311,0,0,2468,13546,10318,983,1010,0.18897553188223376,0.22781212756403094,0.19378357636224097,0.4770566954787842,0.28327311911654324
lobster,135,0,0,94,140,119,11,5,0.002072268443189144,0.06514783463509909,0.0009593246354566385,0.0028113480566394292,0.0018520234211827909
mango,844,0,0,319,901,713,51,80,0.012955515304086207,0.08933001965552695,0.015349194167306216,0.04390474799347839,0.028555553826172177
marinara sauce,442,7,1,82,452,366,33,44,0.006800110520983637,0.2104064444355974,0.00844205679201842,0.0475894366834326,0.03914737989141418
mayonnaise,2476,0,0,297,2521,2083,209,184,0.03800693826175053,0.07169314517669959,0.035303146584804296,0.06369955662787934,0.02839641004307504
milk,9224,0,0,1295,9718,7737,738,749,0.1415896601479753,0.08778279586247748,0.14370683039140444,0.2541397603263814,0.11043292993497697
mint,2103,0,0,575,2257,1747,185,171,0.03228133730390201,0.09911953444496877,0.032808902532617035,0.0769010548774008,0.04409215234478377
mushrooms,2811,0,0,1009,3010,2340,254,217,0.043149234028182853,0.05948391947420914,0.04163468917881811,0.0749022623528086,0.03326757317399049
mussels,273,4,0,57,277,230,22,21,0.004190587296226936,0.19661286482944687,0.004029163468917882,0.03783517853620424,0.03380601506728636
mustard,4134,0,0,764,4330,3456,352,326,0.06345746477143646,0.11728453362618828,0.06254796623177283,0.1477373353089774,0.08518936907720456
noodles,1379,0,0,354,1408,1158,107,114,0.021167838393761705,0.15454788272085376,0.021872601688411358,0.05889935932961213,0.037026757641200767
nutmeg,1509,0,0,212,1530,1266,122,121,0.02316335615386977,0.05987810725215549,0.023215656178050652,0.043701371703037145,0.020485715524986493
nuts,0,6039,0,1618,6697,,,,,,,,
oat,564,0,0,188,580,480,40,44,0.00865747705154576,0.13389420897698207,0.00844205679201842,0.04574194415035521,0.03729988735833679
oil,35702,0,5,4545,41629,30007,2827,2873,0.5481073281552206,0.06850774173190578,0.5512279355333844,0.6845776416885427,0.1333497061551583
okra,122,1,0,71,125,102,13,7,0.001872716667178338,0.10491255436727168,0.001343054489639294,0.0049638545126140755,0.0036208000229747813
onion,27851,0,0,5396,31176,23404,2240,2207,0.4275166548982286,0.07100731910654615,0.42344589409056027,0.5695929817238841,0.1461470876333238
orange,2185,0,0,840,2862,1834,180,171,0.033540048506431705,0.04233654710450978,0.032808902532617035,0.058041258182159716,0.02523235564954268
oregano,4820,0,0,767,5080,4017,409,394,0.07398765849016056,0.16071452828543292,0.07559478127398311,0.18652517561922752,0.1109303943452444
pancetta,321,0,0,217,328,263,29,29,0.0049273938538052986,0.15371384961580067,0.005564082885648503,0.02111493650799555,0.015550853622347045
paprika,3751,0,0,388,3913,3171,310,270,0.057578362447425785,0.1527805881242662,0.05180353031465848,0.1751598471276673,0.12335631681300882
parsley,6431,0,0,1439,6700,5384,531,516,0.09871672857888435,0.12499132580755923,0.09900230237912509,0.2040046353483558,0.10500233296923071
parsnips,119,1,0,82,120,90,19,10,0.0018266662573296903,0.06261694912773051,0.001918649270913277,0.004210444013736772,0.002291794742823495
pasta,3504,0,0,1582,3796,2922,290,292,0.05378687870322046,0.2139677618756843,0.056024558710667687,0.2187172574375129,0.16269269872684522
peach,436,0,0,294,490,377,33,26,0.006692659564670126,0.08423331046463492,0.0049884881043745204,0.009433727174636732,0.004445239070262211
peanut,0,0,1657,0,0,1389,130,138,0.02543517637306972,0.3033656511290376,0.026477359938603222,0.17346749309257325,0.14699013315397003
pear,534,0,0,370,566,437,45,52,0.008196972953059283,0.06162596233153386,0.009976976208749041,0.020762916083791157,0.010785939875042116
peas,1983,0,1,495,2018,1681,158,145,0.030454671046572315,0.09048227329499046,0.027820414428242516,0.06612276862899084,0.03830235420074833
pecan,0,0,735,0,0,630,56,49,0.011282350412918675,0.12539564558317712,0.009401381427475057,0.03360105410322687,0.024199672675751814
pepper,31692,0,0,5602,42997,26638,2543,2511,0.4864765296411138,0.026463344704955313,0.48177283192632386,0.5531390874562268,0.07136625552990289
pesto,179,8,0,76,194,149,9,21,0.002747674454302643,0.1218305567008789,0.004029163468917882,0.016386728313658637,0.012357564844740754
pine nuts,327,5,2,121,338,277,20,32,0.005050194946735026,0.11240637585488125,0.0061396776669224865,0.01968260695426129,0.013542929287338804
pistachio,0,0,228,0,0,187,21,20,0.0034998311484972216,0.059944882587469155,0.003837298541826554,0.007392325629112448,0.003555027087285894
pizza dough,95,0,0,52,95,84,4,7,0.001458262978540509,0.10761853370430692,0.001343054489639294,0.0033353319203696043,0.0019922774307303106
plum,206,0,0,105,214,179,12,15,0.003162128142940472,0.040395893262518995,0.0028779739063699156,0.007662561568362911,0.004784587661992995
poblano chiles,133,1,0,61,136,112,11,10,0.0020415681699567124,0.16033916447680208,0.001918649270913277,0.009592911962386158,0.007674262691472881
polenta,191,0,0,109,197,168,9,14,0.002931876093697234,0.1570216227832503,0.002686108979278588,0.01361172890183913,0.010925619922560541
pork,3203,0,0,1128,3368,2700,245,258,0.04916648758173948,0.08706491892929337,0.049501151189562546,0.10427710879341426,0.05477595760385171
potato,4658,0,0,1911,4856,3903,367,388,0.07150093635833359,0.0483425716643062,0.07444359171143515,0.13100330727860482,0.05655971556716967
prosciutto,293,3,2,158,300,246,24,25,0.004528290301783686,0.16579695459024094,0.004796623177283192,0.019705789617742126,0.014909166440458935
pumpkin,575,0,0,232,689,484,50,41,0.008826328554324133,0.029467345577567278,0.007866462010744436,0.013154128971449264,0.005287666960704828
quinoa,658,0,0,72,663,533,61,64,0.010100389893470053,0.05637803582799844,0.012279355333844973,0.020911847893322913,0.00863249255947794
radish,801,0,0,317,825,660,71,70,0.012295459429588923,0.04883156444944028,0.01343054489639294,0.029869982556212427,0.016439437659819485
raspberries,344,7,0,104,377,281,31,32,0.0052804469959782645,0.12730697393799023,0.0061396776669224865,0.026051276289186527,0.01991159862226404
raspberry,133,0,0,99,141,108,14,11,0.0020415681699567124,0.10510386338479218,0.002110514198004605,0.006562835037936694,0.004452320839932089
red chilli powder,97,7,1,79,109,84,8,6,0.0015043133883891567,0.33251109749864494,0.0011511895625479663,0.012578616352201259,0.011427426789653292
rice,7913,0,0,1190,8625,6721,575,617,0.1214656310441163,0.14414005565219454,0.11838066001534919,0.27930731167323747,0.16092665165788828
rosemary,1374,0,0,464,1475,1132,128,114,0.021091087710680623,0.10418522977163908,0.021872601688411358,0.04611232209506531,0.02423972040665395
sage,2584,1,0,1089,2751,2195,216,173,0.039664753016301846,0.16074331248716123,0.033192632386799696,0.10194543328562855,0.06875280089882885
salmon fillets,344,1,0,61,348,293,29,22,0.0052804469959782645,0.096740787860881,0.00422102839600921,0.01862002902935058,0.014399000633341371
salsa,1469,34,0,185,1526,1223,122,124,0.022549350689221134,0.34411598508747626,0.023791250959324637,0.16801690476363465,0.14422565380431002
salsa verde,193,4,0,57,200,156,15,22,0.0029625763669296657,0.23886164193612916,0.00422102839600921,0.03618421052631579,0.03196318213030658
salt,40440,0,0,3001,48046,33985,3231,3224,0.6207595247597704,0.04455696860700684,0.6185725249424405,0.718417624710571,0.0998450997681305
sauce,1273,10,0,130,1297,1092,90,91,0.019540723912442822,0.04428837603665107,0.01745970836531082,0.02885570141503175,0.011395993049720929
scallion,0,70,0,59,70,,,,,,,,
scallions,2893,3,68,254,2917,2498,230,233,0.045451754520615235,0.1735817068283631,0.04470452801227936,0.15682756890907046,0.11212304089679109
sea scallops,127,1,0,53,128,109,11,7,0.0019494673502594173,0.04046983764123889,0.001343054489639294,0.0019188059387459408,0.0005757514491066468
serrano chiles,57,0,6,54,58,55,5,3,0.0009670586068216007,0.1734153344909684,0.0005755947812739831,0.004934210526315789,0.004358615745041806
sesame seeds,1388,45,0,75,1437,1177,113,98,0.021305989623307646,0.19809565327225223,0.018802762854950115,0.08352042995693905,0.06471766710198894
shallot,0,460,0,186,462,,,,,,,,
shallots,2575,0,452,392,2592,2565,243,219,0.04646486353728548,0.08514665987312266,0.04201841903300077,0.09089843225337794,0.048880013220377175
shrimp,2443,0,0,590,2510,2044,196,203,0.037500383753415405,0.08107509500952399,0.03894858019953953,0.10045837974445905,0.06150979954491952
soda,1161,0,0,79,1168,971,88,102,0.017821508611426642,0.07637046536136204,0.019570222563315427,0.04510444041351118,0.025534217850195752
soy,8065,0,0,347,8741,6795,635,635,0.1237988518097811,0.49453553334479783,0.1218342287029931,0.6080320949023533,0.48619786619936023
spinach,2393,0,0,750,2431,2006,195,192,0.03673287692260461,0.046303074557037034,0.03683806600153492,0.06354681416720527,0.02670874816567035
stalks celery,0,0,289,0,0,250,20,19,0.004436189482086391,0.11657475288920625,0.0036454336147352263,0.01025861233436747,0.0066131787196322435
strawberries,675,19,10,139,724,578,60,47,0.01051484358210788,0.14893953918938385,0.009017651573292403,0.03704421197082695,0.028026560397534546
strawberry,99,0,0,63,111,88,5,6,0.0015196635250053726,0.10692379695600007,0.0011511895625479663,0.00418702023726448,0.003035830674716514
sugar,17202,0,0,2198,20800,14497,1325,1380,0.26405305007214563,0.09439135173423585,0.26477359938603223,0.4264608070266372,0.16168720764060496
syrup,1291,0,0,213,1339,1083,114,94,0.019817026371534707,0.09465000199470316,0.018035303146584806,0.05953309638207521,0.04149779323549041
taco seasoning,475,4,0,60,479,403,40,32,0.007291314892702545,0.2880635335289253,0.0061396776669224865,0.04354364719985761,0.03740396953293512
tarragon,444,0,0,205,472,377,33,34,0.006815460657599853,0.12173854458869279,0.006523407521105142,0.017267869718180794,0.010744462197075652
tea,1564,0,3,669,1636,1326,124,117,0.024053664077610292,0.024279624387579895,0.022448196469685343,0.03375867571776966,0.011310479248084315
thyme,3346,0,0,733,3537,2822,300,224,0.05136155711785835,0.1130839209165188,0.042977743668457406,0.09698807843257988,0.054010334764122474
tomate,93,1,0,80,102,77,8,8,0.0014275627053080772,0.17295551382499144,0.0015349194167306216,0.008919446394050214,0.007384526977319592
tomatillos,473,8,1,294,482,387,40,47,0.007275964756086329,0.2978454701805055,0.009017651573292403,0.06783652349486936,0.05881887192157696
tomato,15842,1,0,5135,18529,13333,1282,1227,0.24317686427409205,0.13824011450164872,0.2354182655410591,0.3934207366889063,0.1580024711478472
tortilla chips,415,23,0,73,438,351,36,28,0.006370306695729592,0.22441783658196504,0.005372217958557176,0.03405309301960143,0.028680875061044254
tortillas,350,1,0,84,351,300,26,24,0.005372547815675559,0.22819608766006103,0.004604758250191865,0.03251262284410514,0.027907864593913274
turkey,599,14,0,174,622,497,66,36,0.009194731833113316,0.027091727430022243,0.006907137375287797,0.010224129625178211,0.0033169922498904143
turmeric,3398,0,0,308,3462,2841,260,297,0.05215976422190158,0.5513206860261184,0.05698388334612433,0.5044576053260087,0.4474737219798844
turnip,180,0,0,104,186,153,12,15,0.002763024590918859,0.060232686966472604,0.0028779739063699156,0.006030922920985965,0.003152949014616049
vanilla,4555,0,0,424,4967,3836,331,388,0.06991987228686335,0.19373421847730346,0.07444359171143515,0.21511623244078315,0.140672640729348
vegetable broth,638,3,0,69,643,535,50,53,0.009793387161145735,0.02481007376351112,0.010168841135840368,0.018733213723396973,0.008564372587556605
vegetable stock,0,375,0,51,378,,,,,,,,
vinegar,3516,0,0,479,3581,2945,294,277,0.05397108034261505,0.05049597635702365,0.05314658480429777,0.09179883459524454,0.03865224979094677
walnut,0,0,703,0,0,590,57,56,0.010791146041199767,0.06962845932468886,0.010744435917114352,0.02224953784482924,0.01150510192771489
water,12492,0,0,2120,13797,10502,1026,964,0.19175390660976882,0.023714374601023578,0.1849577897160399,0.2618927916924899,0.07693500197645001
wheat,588,0,0,241,602,493,42,53,0.00902588033033494,0.022767040789647346,0.010168841135840368,0.014180405347145267,0.004011564211304899
wine,6810,0,0,1244,7192,5696,539,575,0.10453443035643017,0.10050579549545022,0.11032233307751343,0.22581468523929743,0.115492352161784
worcestershire sauce,1104,9,0,92,1118,935,92,77,0.016946550824302336,0.06363628856359607,0.014773599386032234,0.03024892662423438,0.015475327238202144
yeast,1085,0,0,239,1104,906,98,81,0.016654898228594235,0.07097943454865245,0.015541059094397545,0.038193245491606555,0.02265218639720901
yellow squash,175,0,0,82,175,146,17,12,0.0026862739078377797,0.02796656823375279,0.0023023791250959325,0.004209433363319406,0.0019070542382234735
yogurt,4467,0,0,488,4639,3715,375,377,0.06856906026463636,0.42469099180029796,0.07233307751343054,0.4764492345121004,0.4041161569986699
zucchini,1758,0,0,527,1779,1485,134,139,0.026985540171307526,0.03021515570005082,0.026669224865694553,0.04130599650829762,0.014636771642603064
