cuisine,record_count,unique_value_count,top_values
american,9011,160,salt:6716 | pepper:4661 | sugar:2308 | butter:2049 | olive oil:1834 | flour:1797 | garlic:1781 | egg food product:1629 | onion:1559 | cheese:1406 | lemon juice:1390 | water food product:1114 | cooking spray:1054 | olive oil extra virgin:929 | parsley:820 | milk:765 | dijon mustard:757 | thyme food product:748 | vanilla extract:678 | vegetable oil:614 | mayonnaise:587 | cinnamon:573 | shallot:554 | chili:552 | carrot:495 | red onion:495 | honey:458 | celery:451 | cumin:442 | cilantro:434 | green onion:433 | lime juice:419 | worcestershire sauce:398 | garlic clove:386 | basil:385 | tomato:375 | baking powder:373 | cayenne pepper:353 | bay leaf:342 | chive leaf raw:327 | baking soda:325 | chili powder:313 | red wine vinegar:311 | oregano:310 | chicken broth:310 | sour cream:308 | red bell pepper:300 | balsamic vinegar:297 | buttermilk food product:290 | nutmeg:281 | paprika:264 | green bell pepper:263 | brown sugar:258 | garlic powder:254 | orange juice:249 | mint:244 | rosemary food product:241 | ketchup:237 | egg whites:221 | white wine vinegar:215 | scallion:204 | bacon food product:203 | heavy cream:199 | ginger:194 | soy sauce:191 | hot sauce:186 | canola oil:182 | sweet potato:172 | lemon:169 | dill food product:167 | tomato paste:159 | chicken:158 | green beans:154 | ginger ground:148 | avocado:147 | yellow onion:147 | lemon zest:140 | maple syrup:136 | shrimp food product:130 | vanilla bean food product:126 | zucchini food product:125 | plum tomato:123 | white sugar:117 | dry white wine:112 | cream cheese:111 | mushroom:108 | egg yolks:108 | cucumber:100 | caper food product:99 | almond:98 | onion powder:98 | black turtle bean:92 | baby spinach:90 | tomato sauce:88 | yogurt food product:80 | cherry tomatoes:80 | beef ground:78 | potato:78 | strawberry:76 | curry powder:76
italian,6397,157,salt:4095 | pepper:3261 | garlic:3110 | cheese:2962 | olive oil:2354 | basil:1770 | onion:1602 | egg food product:1365 | parsley:1311 | olive oil extra virgin:1229 | butter:1096 | oregano:1023 | tomato:977 | chili:889 | water food product:864 | flour:820 | italian seasoning:770 | sugar:742 | milk:523 | carrot:513 | chicken broth:504 | parmesan cheese food product:485 | chicken:451 | garlic powder:391 | mozzarella cheese:391 | tomato sauce:376 | tomato paste:371 | thyme food product:370 | dry white wine:343 | beef ground:338 | pasta:328 | zucchini food product:314 | red onion:307 | rosemary food product:303 | yellow onion:302 | lemon juice:282 | mushroom:260 | bay leaf:259 | celery:251 | spinach:251 | red bell pepper:237 | balsamic vinegar:230 | heavy cream:225 | lemon:209 | caper food product:185 | red wine vinegar:182 | shallot:173 | beef:166 | garlic clove:166 | cherry tomatoes:165 | white wine:159 | vegetable oil:155 | green bell pepper:152 | nutmeg:145 | eggplant:144 | baking powder:139 | vanilla extract:131 | onion powder:128 | pork:128 | baby spinach:121 | plum tomato:120 | egg yolks:119 | egg whites:117 | cooking spray:115 | lemon zest:114 | honey:111 | fennel seed:108 | black olive:107 | cream cheese:104 | white sugar:100 | mayonnaise:99 | roma tomato:96 | hot pepper food product:93 | potato:92 | scallion:89 | bacon food product:85 | bell pepper:80 | mint:76 | paprika:73 | dijon mustard:72 | oil:71 | green onion:70 | shrimp food product:68 | panko breadcrumbs:65 | pea:65 | green beans:63 | worcestershire sauce:60 | bread:60 | chickpea:57 | white onion:56 | cucumber:55 | chive leaf raw:52 | vegetable broth:50 | white wine vinegar:49 | brown sugar:48 | cayenne pepper:48 | almond:45 | sour cream:45 | vanilla bean food product:43 | baking soda:43
mexican,6015,155,salt:3715 | cilantro:3177 | garlic:2590 | cheese:2460 | cumin:2169 | pepper:2055 | onion:1808 | avocado:1465 | tomato:1462 | chili powder:1319 | olive oil:1266 | sour cream:1228 | lime:1186 | black turtle bean:1013 | lime juice:964 | salsa:957 | corn tortillas:894 | jalapeno chilies:868 | chicken:843 | water food product:842 | red onion:838 | flour tortillas:675 | oregano:666 | chicken broth:590 | vegetable oil:570 | corn:542 | scallion:539 | garlic powder:482 | white onion:477 | chili pepper:454 | egg food product:435 | butter:434 | cayenne pepper:408 | yellow onion:393 | red bell pepper:369 | beef ground:360 | flour:338 | green onion:329 | sugar:313 | lime wedges:284 | canola oil:267 | chili:262 | lettuce:258 | olive oil extra virgin:254 | milk:250 | cinnamon:243 | black olive:219 | paprika:216 | tomato sauce:216 | roma tomato:211 | green bell pepper:205 | oil:200 | mayonnaise:195 | onion powder:194 | hot sauce:189 | bell pepper:174 | smoked paprika:163 | beef:160 | tomato paste:157 | cream cheese:152 | carrot:149 | bay leaf:148 | rice:141 | cherry tomatoes:130 | zucchini food product:127 | plum tomato:127 | hot pepper food product:118 | honey:113 | cooking spray:111 | shrimp food product:108 | vegetable broth:92 | lemon juice:92 | yogurt food product:89 | baking powder:87 | garlic clove:84 | orange juice:81 | sweet potato:80 | brown sugar:76 | cumin seed:73 | red wine vinegar:72 | bacon food product:69 | coriander:67 | cabbage:65 | cucumber:59 | parsley:59 | vanilla extract:59 | potato:54 | celery:53 | spinach:50 | cinnamon stick:50 | heavy cream:44 | lemon:43 | greek yogurt:43 | pork:42 | coconut oil:41 | worcestershire sauce:40 | shallot:40 | mushroom:39 | thyme food product:38 | cauliflower:35
french,4282,163,salt:2533 | butter:2120 | egg food product:1765 | sugar:1628 | pepper:1278 | milk:1180 | flour:1014 | garlic:794 | cinnamon:703 | shallot:642 | vanilla extract:624 | olive oil:623 | heavy cream:586 | water food product:584 | thyme food product:573 | cheese:532 | vanilla bean food product:454 | onion:437 | french bread:394 | egg yolks:357 | parsley:348 | bay leaf:322 | egg whites:301 | brown sugar:294 | olive oil extra virgin:263 | bread:263 | maple syrup:255 | nutmeg:253 | lemon juice:238 | dry white wine:220 | carrot:204 | dijon mustard:181 | honey:170 | lemon:159 | yellow onion:158 | vegetable oil:155 | chicken broth:150 | cream cheese:128 | tomato:126 | basil:126 | white sugar:124 | strawberry:122 | chicken:117 | baking powder:116 | white wine:106 | corn starch:94 | chive leaf raw:93 | oil:93 | bacon food product:92 | rosemary food product:91 | banana:89 | worcestershire sauce:89 | garlic powder:87 | mayonnaise:83 | tomato paste:78 | potato:77 | mushroom:76 | canola oil:76 | cooking spray:75 | celery:73 | zucchini food product:72 | lemon zest:72 | red onion:70 | chili:67 | balsamic vinegar:64 | red wine vinegar:63 | white wine vinegar:63 | sour cream:60 | scallion:56 | paprika:55 | cayenne pepper:55 | almond:52 | ginger:52 | oregano:52 | garlic clove:51 | cilantro:49 | orange juice:46 | soy sauce:46 | parmesan cheese food product:44 | green beans:43 | coconut oil:43 | caper food product:42 | mint:38 | cherry tomatoes:37 | mozzarella cheese:37 | dill food product:36 | ketchup:36 | beef:35 | yogurt food product:34 | green onion:33 | buttermilk food product:32 | shrimp food product:32 | spinach:32 | onion powder:31 | baking soda:31 | vegetable broth:30 | eggplant:29 | red bell pepper:29 | coconut milk:28 | white onion:28
indian,4072,159,salt:3316 | cilantro:2330 | turmeric:2200 | garlic:2060 | onion:2032 | garam masala:1714 | ginger:1708 | cumin:1399 | tomato:1277 | cumin seed:1188 | chili pepper:1075 | water food product:1075 | oil:1011 | pepper:938 | yogurt food product:837 | chili powder:832 | chicken:690 | chili:657 | vegetable oil:587 | cayenne pepper:566 | lemon juice:521 | cinnamon:484 | curry leaves:473 | curry powder:466 | sugar:464 | olive oil:450 | butter:436 | bay leaf:435 | potato:368 | coconut milk:349 | cinnamon stick:335 | coriander seed whole or pieces:332 | mint:330 | carrot:304 | coriander:301 | flour:298 | chickpea:294 | red onion:288 | tomato paste:280 | paprika:277 | pea:244 | lemon:243 | fennel seed:223 | milk:218 | yellow onion:216 | canola oil:209 | cauliflower:202 | rice:184 | ginger ground:184 | coconut oil:182 | lime juice:160 | greek yogurt:151 | chicken broth:148 | spinach:143 | egg food product:140 | heavy cream:132 | jalapeno chilies:127 | lime:115 | cucumber:103 | shallot:99 | nutmeg:99 | olive oil extra virgin:96 | eggplant:87 | almond:85 | sweet potato:81 | brown sugar:80 | plum tomato:80 | white onion:78 | honey:68 | red bell pepper:68 | scallion:67 | garlic powder:67 | parsley:63 | tomato sauce:63 | vegetable broth:62 | baking powder:61 | baby spinach:59 | zucchini food product:54 | hot pepper food product:51 | lime wedges:50 | green beans:50 | green onion:49 | cheese:49 | shrimp food product:49 | smoked paprika:47 | corn starch:46 | baking soda:42 | peanut oil:41 | green bell pepper:40 | peanut:39 | sesame seed:39 | bell pepper:37 | cooking spray:36 | bread:31 | white sugar:30 | cabbage:30 | roma tomato:29 | soy sauce:28 | beef:28 | mushroom:28
chinese,4031,162,soy sauce:2904 | garlic:2283 | ginger:1919 | salt:1866 | sesame oil:1752 | pepper:1447 | sugar:1402 | corn starch:1393 | scallion:1195 | water food product:1165 | green onion:998 | chicken:968 | vegetable oil:885 | egg food product:729 | rice vinegar:694 | chicken broth:616 | carrot:560 | oil:553 | oyster sauce:549 | chinese five spice powder:490 | shaoxing wine:484 | onion:470 | hoisin sauce:446 | chili:410 | honey:409 | pork:386 | peanut oil:385 | cilantro:358 | chili pepper:354 | flour:352 | brown sugar:351 | shiitake mushroom:298 | canola oil:277 | sesame seed:276 | shrimp food product:255 | olive oil:226 | red bell pepper:222 | rice:190 | mushroom:190 | sriracha:181 | ginger ground:162 | cabbage:153 | ketchup:148 | egg whites:147 | peanut:137 | beansprouts:137 | white sugar:132 | garlic powder:123 | shallot:121 | fish sauce:118 | butter:114 | baking powder:104 | celery:102 | orange juice:99 | pea:97 | hot pepper food product:92 | green bell pepper:90 | baking soda:86 | yellow onion:84 | cucumber:81 | mirin:76 | lemon juice:74 | green beans:66 | beef:64 | lime juice:61 | red onion:61 | milk:59 | tomato:58 | lime:57 | cinnamon stick:53 | zucchini food product:53 | beef ground:48 | red wine vinegar:46 | coconut oil:46 | bell pepper:45 | almond:44 | vegetable broth:43 | cayenne pepper:42 | tomato paste:42 | chive leaf raw:40 | olive oil extra virgin:40 | sake:40 | balsamic vinegar:39 | coriander:38 | white onion:36 | worcestershire sauce:36 | lemon:35 | chili powder:35 | hot sauce:33 | jalapeno chilies:33 | eggplant:33 | bay leaf:31 | paprika:31 | egg yolks:31 | cumin:29 | coconut milk:28 | basil:28 | cauliflower:28 | mint:27 | curry powder:27
thai,3981,162,garlic:2322 | cilantro:1895 | fish sauce:1540 | salt:1463 | ginger:1265 | soy sauce:1209 | lime juice:1157 | chicken:942 | coconut milk:913 | pepper:884 | scallion:876 | carrot:855 | lime:849 | water food product:764 | sugar:760 | brown sugar:576 | chili:575 | peanut:569 | chili pepper:560 | vegetable oil:559 | sesame oil:555 | red bell pepper:533 | onion:529 | green onion:527 | rice vinegar:488 | egg food product:479 | basil:472 | shallot:453 | olive oil:451 | lemongrass food product:448 | chicken broth:415 | shrimp food product:392 | sriracha:388 | mint:366 | beansprouts:338 | oil:321 | honey:311 | lime wedges:296 | cucumber:285 | red onion:275 | coconut oil:262 | zucchini food product:213 | corn starch:200 | peanut oil:195 | hot pepper food product:192 | canola oil:190 | jalapeno chilies:178 | turmeric:172 | rice:160 | curry powder:159 | cumin:157 | tomato:141 | mushroom:137 | oyster sauce:130 | yellow onion:127 | ginger ground:125 | green beans:121 | cayenne pepper:118 | sweet potato:116 | coriander:115 | lemon juice:111 | sesame seed:111 | bell pepper:107 | garlic powder:104 | butter:102 | olive oil extra virgin:98 | cherry tomatoes:97 | pork:96 | flour:91 | chili powder:84 | cabbage:84 | vegetable broth:83 | shiitake mushroom:74 | avocado:72 | white sugar:69 | hoisin sauce:69 | lemon:66 | coriander seed whole or pieces:66 | maple syrup:65 | mayonnaise:61 | pea:60 | green bell pepper:58 | chickpea:54 | cheese:50 | potato:48 | tomato paste:47 | beef:47 | eggplant:46 | cooking spray:45 | cauliflower:44 | cumin seed:43 | milk:42 | celery:41 | ketchup:39 | lettuce:39 | cinnamon:38 | chive leaf raw:38 | paprika:38 | white onion:37 | parsley:36
japanese,3581,163,salt:1925 | panko breadcrumbs:1612 | pepper:1397 | egg food product:1169 | soy sauce:1166 | garlic:1028 | flour:744 | sugar:729 | mirin:719 | ginger:648 | water food product:646 | cheese:645 | butter:589 | olive oil:535 | chicken:519 | sake:487 | scallion:474 | sesame oil:469 | onion:431 | vegetable oil:422 | green onion:421 | rice vinegar:412 | milk:355 | carrot:337 | parsley:291 | oil:285 | garlic powder:280 | sesame seed:265 | mayonnaise:225 | honey:209 | corn starch:190 | lemon juice:187 | shiitake mushroom:185 | chili:176 | canola oil:159 | brown sugar:155 | cilantro:153 | basil:151 | parmesan cheese food product:151 | avocado:142 | cayenne pepper:140 | olive oil extra virgin:135 | chicken broth:133 | dijon mustard:132 | lemon:132 | paprika:131 | worcestershire sauce:128 | cucumber:118 | ketchup:116 | onion powder:112 | egg whites:112 | thyme food product:109 | sriracha:109 | zucchini food product:108 | shrimp food product:106 | chive leaf raw:103 | yellow onion:99 | tomato:98 | shallot:97 | cream cheese:95 | pork:94 | mushroom:92 | rice:90 | beef ground:88 | oregano:86 | beef:81 | lime juice:80 | jalapeno chilies:80 | bacon food product:77 | red bell pepper:74 | cooking spray:73 | cabbage:71 | spinach:69 | red onion:69 | buttermilk food product:67 | egg yolks:66 | nutmeg:66 | sour cream:65 | cumin:65 | pasta:65 | lime:64 | chili pepper:64 | mozzarella cheese:62 | smoked paprika:62 | heavy cream:61 | white sugar:60 | hot sauce:60 | chili powder:60 | eggplant:58 | italian seasoning:57 | potato:55 | lemon zest:54 | peanut oil:54 | baking powder:51 | cauliflower:51 | celery:50 | yogurt food product:49 | green beans:45 | sweet potato:44 | pea:44
greek,3523,155,salt:2137 | pepper:1511 | garlic:1178 | yogurt food product:1104 | olive oil:951 | greek yogurt:930 | lemon juice:836 | oregano:793 | cheese:708 | egg food product:676 | cucumber:624 | red onion:594 | feta cheese:527 | sugar:508 | lemon:496 | tomato:459 | olive oil extra virgin:444 | butter:437 | parsley:432 | dill food product:418 | honey:412 | flour:374 | baking powder:339 | chicken:338 | milk:334 | cinnamon:328 | vanilla extract:318 | onion:307 | banana:307 | red wine vinegar:278 | water food product:267 | baking soda:233 | mint:227 | garlic powder:223 | cherry tomatoes:208 | strawberry:205 | spinach:186 | basil:182 | scallion:164 | lemon zest:157 | vanilla bean food product:146 | black olive:141 | avocado:136 | dijon mustard:135 | cumin:132 | thyme food product:127 | chickpea:126 | cilantro:123 | brown sugar:117 | red bell pepper:112 | mayonnaise:111 | zucchini food product:106 | onion powder:105 | nutmeg:104 | cream cheese:103 | chicken broth:100 | chili:96 | carrot:93 | green onion:88 | paprika:85 | rosemary food product:83 | egg whites:75 | maple syrup:74 | chive leaf raw:72 | sour cream:69 | baby spinach:69 | yellow onion:67 | almond:66 | lime juice:65 | vegetable oil:65 | lime:64 | celery:63 | coconut oil:62 | roma tomato:62 | cayenne pepper:61 | white wine vinegar:60 | potato:59 | balsamic vinegar:58 | beef ground:55 | lettuce:55 | orange juice:53 | green bell pepper:50 | shallot:49 | egg yolks:47 | parmesan cheese food product:46 | buttermilk food product:44 | oil:43 | pasta:43 | tomato paste:43 | corn starch:42 | bell pepper:41 | caper food product:41 | hot pepper food product:41 | chili powder:37 | smoked paprika:35 | eggplant:34 | heavy cream:34 | plum tomato:34 | bay leaf:34 | white sugar:33
spanish,3072,161,salt:2257 | garlic:1904 | pepper:1705 | olive oil:1278 | onion:868 | olive oil extra virgin:773 | tomato:744 | parsley:702 | water food product:482 | welsh onion:469 | chicken broth:457 | egg food product:454 | cumin:405 | butter:392 | cilantro:392 | red bell pepper:377 | smoked paprika:369 | chicken:345 | cheese:336 | bay leaf:303 | oregano:303 | chili:302 | thyme food product:298 | paprika:253 | sugar:251 | lemon:250 | yellow onion:244 | flour:243 | red onion:231 | shrimp food product:219 | carrot:217 | lemon juice:209 | dry white wine:194 | cayenne pepper:192 | chili powder:191 | pea:177 | green bell pepper:169 | potato:153 | tomato paste:148 | vegetable oil:145 | red wine vinegar:143 | milk:138 | shallot:135 | garlic powder:133 | jalapeno chilies:132 | white wine:130 | basil:130 | sour cream:127 | canola oil:121 | chickpea:121 | scallion:118 | lime juice:115 | cucumber:112 | green onion:112 | hot pepper food product:109 | tomato sauce:109 | plum tomato:104 | cinnamon:103 | chili pepper:102 | honey:100 | rice:96 | lime:93 | celery:93 | avocado:92 | caper food product:88 | mayonnaise:87 | rosemary food product:84 | worcestershire sauce:81 | chive leaf raw:79 | brown sugar:78 | cherry tomatoes:77 | almond:77 | onion powder:77 | beef ground:75 | bell pepper:75 | zucchini food product:72 | dijon mustard:72 | heavy cream:71 | turmeric:70 | bread:68 | black turtle bean:68 | oil:63 | balsamic vinegar:62 | ginger:61 | white onion:61 | nutmeg:59 | lemon zest:56 | cooking spray:55 | white wine vinegar:55 | mint:54 | bacon food product:53 | egg yolks:50 | vegetable broth:49 | pork:49 | salsa:47 | green beans:46 | soy sauce:45 | mushroom:45 | corn:44 | cumin seed:44
